dataset,method,support,alpha,i2t_r1,i2t_r5,i2t_r10,t2i_r1,t2i_r5,t2i_r10
cc3m,old,-,,33.27530324459076,56.15256428718567,64.74637985229492,32.11205005645752,55.036795139312744,63.59895467758179
cc3m,new,-,,40.38933217525482,62.70475387573242,70.49141526222229,39.49513137340546,61.03505492210388,68.75840425491333
flickr30k,old,-,,40.617141127586365,64.75140452384949,73.72154593467712,21.73341065645218,41.56445562839508,51.10466480255127
flickr30k,new,-,,48.72638285160065,72.92835712432861,81.21494054794312,28.275617957115173,49.629202485084534,59.08750891685486
coco,old,-,,28.76577377319336,50.32954216003418,59.852415323257446,14.469951391220093,30.223369598388672,38.91603350639343
coco,new,-,,34.331342577934265,56.08382225036621,65.37855267524719,18.685123324394226,35.852041840553284,44.39722299575806
nocaps,old,-,,71.31111025810242,91.93333387374878,96.20000123977661,45.23777961730957,74.97110962867737,84.5133364200592
nocaps,new,-,,73.3555555343628,93.42222213745117,97.37777709960938,47.839999198913574,76.54666900634766,85.10666489601135
cc3m,slerp,T,0.0,33.27530324459076,56.15256428718567,64.74637985229492,32.11205005645752,55.036795139312744,63.59895467758179
cc3m,slerp,T,0.1,35.07952690124512,57.80643820762634,66.17867946624756,32.67389237880707,55.86768984794617,64.6039366722107
cc3m,slerp,T,0.2,36.519742012023926,59.286218881607056,67.38149523735046,33.006250858306885,56.27126693725586,65.16578197479248
cc3m,slerp,T,0.3,37.55638003349304,60.17251014709473,68.3231770992279,33.291128277778625,56.66692852973938,65.5218780040741
cc3m,slerp,T,0.4,38.16570341587067,60.77391505241394,68.99580359458923,33.44148099422455,56.84102177619934,65.63266515731812
cc3m,slerp,T,0.5,38.561367988586426,60.97174882888794,69.25694346427917,33.48104655742645,56.83310627937317,65.561443567276
cc3m,slerp,T,0.6,38.60093355178833,61.17749214172363,69.42312121391296,33.29904079437256,56.540316343307495,65.41109085083008
cc3m,slerp,T,0.7,38.68006467819214,60.83722114562988,69.21737790107727,32.96668529510498,56.30291700363159,65.21326303482056
cc3m,slerp,T,0.8,38.189443945884705,60.338687896728516,68.51309537887573,32.610586285591125,55.76481819152832,64.77802991867065
cc3m,slerp,T,0.9,37.20819652080536,59.18334722518921,67.72176623344421,32.15161859989166,55.044710636138916,64.10540342330933
cc3m,slerp,T,1.0,36.04494631290436,57.869744300842285,66.26572608947754,31.43151104450226,54.20590043067932,63.503992557525635
flickr30k,slerp,T,0.0,40.617141127586365,64.75140452384949,73.72154593467712,21.73341065645218,41.56445562839508,51.10466480255127
flickr30k,slerp,T,0.1,43.28368008136749,67.48565435409546,76.21074914932251,22.337010502815247,42.47823655605316,52.02231407165527
flickr30k,slerp,T,0.2,45.505258440971375,69.54278945922852,77.99381017684937,22.81937301158905,43.08505952358246,52.63429880142212
flickr30k,slerp,T,0.3,47.120657563209534,71.12272381782532,79.47056293487549,23.105694353580475,43.55387985706329,53.053462505340576
flickr30k,slerp,T,0.4,48.14600050449371,72.1803069114685,80.39917945861816,23.326240479946136,43.705424666404724,53.26046347618103
flickr30k,slerp,T,0.5,48.61353039741516,72.6349413394928,80.83124160766602,23.332689702510834,43.767333030700684,53.29141616821289
flickr30k,slerp,T,0.6,48.6070841550827,72.56078124046326,80.77642917633057,23.212099075317383,43.64287257194519,53.13471555709839
flickr30k,slerp,T,0.7,47.99768030643463,71.83852791786194,80.33791780471802,22.967693209648132,43.323662877082825,52.869027853012085
flickr30k,slerp,T,0.8,46.84014022350311,70.66808938980103,79.43509817123413,22.59560227394104,42.8354948759079,52.369898557662964
flickr30k,slerp,T,0.9,45.15380263328552,69.03011798858643,77.94867157936096,22.10034281015396,42.16611981391907,51.73792839050293
flickr30k,slerp,T,1.0,42.890310287475586,66.80209040641785,75.77223777770996,21.487070620059967,41.34971499443054,50.918298959732056
coco,slerp,T,0.0,28.76577377319336,50.32954216003418,59.852415323257446,14.469951391220093,30.223369598388672,38.91603350639343
coco,slerp,T,0.1,30.46417534351349,52.38564610481262,61.81275248527527,14.79644626379013,30.818378925323486,39.50372636318207
coco,slerp,T,0.2,31.824582815170288,53.827738761901855,63.125282526016235,15.047511458396912,31.216365098953247,39.92197811603546
coco,slerp,T,0.3,32.875171303749084,54.91775870323181,63.99560570716858,15.219765901565552,31.459549069404602,40.2158260345459
coco,slerp,T,0.4,33.534249663352966,55.60218691825867,64.75327014923096,15.27155488729477,31.56481385231018,40.36443829536438
coco,slerp,T,0.5,33.846890926361084,55.83032965660095,65.12224078178406,15.261422097682953,31.567630171775818,40.33854305744171
coco,slerp,T,0.6,33.80464315414429,55.864131450653076,65.07717370986938,15.157844126224518,31.461238861083984,40.20456671714783
coco,slerp,T,0.7,33.40750336647034,55.43600916862488,64.80960249900818,14.967012405395508,31.184279918670654,39.89495933055878
coco,slerp,T,0.8,32.621678709983826,54.51216697692871,63.950544595718384,14.762671291828156,30.781224370002747,39.483460783958435
coco,slerp,T,0.9,31.6584050655365,53.06444764137268,62.71124482154846,14.428295195102692,30.3128719329834,38.983023166656494
coco,slerp,T,1.0,30.278280377388,51.34632587432861,61.07481122016907,14.027492702007294,29.71673607826233,38.326653838157654
nocaps,slerp,T,0.0,71.31111025810242,91.93333387374878,96.20000123977661,45.23777961730957,74.97110962867737,84.5133364200592
nocaps,slerp,T,0.1,73.3555555343628,92.88889169692993,96.82222604751587,45.86222171783447,75.64889192581177,84.906667470932
nocaps,slerp,T,0.2,73.97778034210205,93.53333711624146,97.06667065620422,46.36222422122955,76.13333463668823,85.23555397987366
nocaps,slerp,T,0.3,74.80000257492065,93.71111392974854,97.37777709960938,46.60666584968567,76.44222378730774,85.45555472373962
nocaps,slerp,T,0.4,75.64444541931152,93.95555853843689,97.46666550636292,46.65333330631256,76.52444243431091,85.56666970252991
nocaps,slerp,T,0.5,75.46666860580444,94.02222037315369,97.40000367164612,46.59333527088165,76.46889090538025,85.54666638374329
nocaps,slerp,T,0.6,74.86667037010193,93.77778172492981,97.17777967453003,46.39555513858795,76.21999979019165,85.45777797698975
nocaps,slerp,T,0.7,74.00000095367432,93.33333373069763,96.91111445426941,45.980000495910645,75.94888806343079,85.2577805519104
nocaps,slerp,T,0.8,73.22222590446472,92.93333292007446,96.9777762889862,45.46222388744354,75.41999816894531,84.95333194732666
nocaps,slerp,T,0.9,71.51111364364624,92.1999990940094,96.71111106872559,44.69555616378784,74.82444643974304,84.55333709716797
nocaps,slerp,T,1.0,69.22222375869751,91.15555882453918,96.06666564941406,43.91777813434601,74.2222249507904,83.96888971328735
cc3m,slerp,I,0.0,33.27530324459076,56.15256428718567,64.74637985229492,32.11205005645752,55.036795139312744,63.59895467758179
cc3m,slerp,I,0.1,34.731343388557434,57.561129331588745,65.93337059020996,32.79259204864502,55.8518648147583,64.56437110900879
cc3m,slerp,I,0.2,35.8866810798645,58.78768563270569,67.13618636131287,33.25156271457672,56.32665753364563,64.92047309875488
cc3m,slerp,I,0.3,36.93914711475372,59.737277030944824,68.06203722953796,33.39399993419647,56.682753562927246,65.1183009147644
cc3m,slerp,I,0.4,37.762126326560974,60.49695014953613,68.66344809532166,33.44939351081848,56.69858455657959,65.12621641159058
cc3m,slerp,I,0.5,38.244834542274475,60.82139611244202,69.02745962142944,33.33069384098053,56.595706939697266,65.14995694160461
cc3m,slerp,I,0.6,38.36353421211243,61.05879545211792,69.11450624465942,33.08538198471069,56.21587038040161,65.0391697883606
cc3m,slerp,I,0.7,38.42684030532837,60.9480082988739,68.89293193817139,32.610586285591125,55.464112758636475,64.65933322906494
cc3m,slerp,I,0.8,38.189443945884705,60.560256242752075,68.41022372245789,31.795519590377808,54.838961362838745,64.16870951652527
cc3m,slerp,I,0.9,37.42976784706116,59.59483981132507,67.90377497673035,31.059587001800537,53.94476652145386,63.30616474151611
cc3m,slerp,I,1.0,36.44061088562012,58.56611132621765,66.77217483520508,30.165386199951172,52.76568531990051,62.19038963317871
flickr30k,slerp,I,0.0,40.617141127586365,64.75140452384949,73.72154593467712,21.73341065645218,41.56445562839508,51.10466480255127
flickr30k,slerp,I,0.1,42.716193199157715,67.05359220504761,75.77868700027466,22.34990745782852,42.52918064594269,52.06294059753418
flickr30k,slerp,I,0.2,44.508934020996094,68.9366102218628,77.53918170928955,22.774876654148102,43.04443299770355,52.65170931816101
flickr30k,slerp,I,0.3,45.86960971355438,70.27794122695923,78.99013757705688,22.969627380371094,43.320438265800476,52.94190049171448
flickr30k,slerp,I,0.4,46.97233736515045,71.25169634819031,79.59309220314026,22.99993634223938,43.37911903858185,53.01606059074402
flickr30k,slerp,I,0.5,47.3882794380188,71.50964140892029,79.93487119674683,22.872251272201538,43.210163712501526,52.89095640182495
flickr30k,slerp,I,0.6,47.21093773841858,71.31295800209045,79.82847094535828,22.62462228536606,42.83291697502136,52.50467658042908
flickr30k,slerp,I,0.7,46.301671862602234,70.61650156974792,79.17714715003967,22.258980572223663,42.3112154006958,51.94751024246216
flickr30k,slerp,I,0.8,45.144131779670715,69.42671537399292,78.0937671661377,21.636681258678436,41.534146666526794,51.1491596698761
flickr30k,slerp,I,0.9,43.509384989738464,67.76294708251953,76.83627009391785,20.894435048103333,40.49590528011322,50.078678131103516
flickr30k,slerp,I,1.0,41.178178787231445,65.64455032348633,74.91133213043213,19.992907345294952,39.2558217048645,48.75088930130005
coco,slerp,I,0.0,28.76577377319336,50.32954216003418,59.852415323257446,14.469951391220093,30.223369598388672,38.91603350639343
coco,slerp,I,0.1,30.1064670085907,51.88429355621338,61.3564670085907,14.81277197599411,30.876359343528748,39.61518704891205
coco,slerp,I,0.2,31.22183382511139,53.1855583190918,62.42395639419556,15.0570809841156,31.225934624671936,39.9765819311142
coco,slerp,I,0.3,31.81331753730774,53.79957556724548,63.17880153656006,15.153340995311737,31.419581174850464,40.18542766571045
coco,slerp,I,0.4,32.31467008590698,54.160094261169434,63.6435329914093,15.14095664024353,31.395375728607178,40.20906984806061
coco,slerp,I,0.5,32.50901401042938,54.43330407142639,63.6857807636261,15.084101259708405,31.276598572731018,40.01373648643494
coco,slerp,I,0.6,32.235804200172424,54.11221385002136,63.36469054222107,14.870752394199371,30.97599744796753,39.74972367286682
coco,slerp,I,0.7,31.771069765090942,53.47566604614258,62.9055917263031,14.637139439582825,30.602779984474182,39.28418755531311
coco,slerp,I,0.8,31.097906827926636,52.3687481880188,61.82120442390442,14.260543882846832,30.04210591316223,38.649770617485046
coco,slerp,I,0.9,29.974088072776794,50.96890926361084,60.35658121109009,13.769111037254333,29.308053851127625,37.85942792892456
coco,slerp,I,1.0,28.712257742881775,49.27895665168762,58.58495235443115,13.111616671085358,28.43608558177948,36.803945899009705
nocaps,slerp,I,0.0,71.31111025810242,91.93333387374878,96.20000123977661,45.23777961730957,74.97110962867737,84.5133364200592
nocaps,slerp,I,0.1,72.71111011505127,92.66666769981384,96.68889045715332,46.00444436073303,75.60222148895264,85.12222170829773
nocaps,slerp,I,0.2,73.44444394111633,92.88889169692993,97.13333249092102,46.35111093521118,76.03999972343445,85.39111018180847
nocaps,slerp,I,0.3,73.77777695655823,93.22222471237183,97.26666808128357,46.51333391666412,76.21777653694153,85.56222319602966
nocaps,slerp,I,0.4,73.80000352859497,93.31111311912537,97.35555648803711,46.486666798591614,76.24222040176392,85.63555479049683
nocaps,slerp,I,0.5,73.60000014305115,93.31111311912537,97.13333249092102,46.26666605472565,76.09333395957947,85.46666502952576
nocaps,slerp,I,0.6,72.75555729866028,93.13333630561829,97.04444408416748,45.846667885780334,75.86666941642761,85.31333208084106
nocaps,slerp,I,0.7,71.44444584846497,92.71111488342285,96.8666672706604,45.36000192165375,75.42222142219543,84.88444685935974
nocaps,slerp,I,0.8,70.08888721466064,91.91111326217651,96.44444584846497,44.56222355365753,74.77333545684814,84.32222604751587
nocaps,slerp,I,0.9,68.13333630561829,90.91111421585083,95.73333263397217,43.44888925552368,73.94444346427917,83.63555669784546
nocaps,slerp,I,1.0,65.91111421585083,89.22222256660461,94.91111040115356,42.15777814388275,72.72666692733765,82.7666699886322
cc3m,slerp,I+T,0.0,33.27530324459076,56.15256428718567,64.74637985229492,32.11205005645752,55.036795139312744,63.59895467758179
cc3m,slerp,I+T,0.1,34.88169610500336,57.71939158439636,66.02041721343994,32.832157611846924,55.946820974349976,64.65933322906494
cc3m,slerp,I+T,0.2,36.290258169174194,59.04091000556946,67.27071404457092,33.26738774776459,56.54823184013367,65.18952250480652
cc3m,slerp,I+T,0.3,37.334808707237244,59.966760873794556,68.22030544281006,33.52061212062836,56.92806839942932,65.69597125053406
cc3m,slerp,I+T,0.4,38.12613785266876,60.65521836280823,68.94832253456116,33.797577023506165,57.189202308654785,65.94128012657166
cc3m,slerp,I+T,0.5,38.695892691612244,61.074620485305786,69.39938068389893,33.78966450691223,57.24459886550903,66.05206727981567
cc3m,slerp,I+T,0.6,39.067816734313965,61.406975984573364,69.49434280395508,33.655139803886414,57.14963674545288,66.0441517829895
cc3m,slerp,I+T,0.7,39.10738229751587,61.39906644821167,69.35981512069702,33.62348675727844,56.80936574935913,65.94919562339783
cc3m,slerp,I+T,0.8,38.83041739463806,60.987573862075806,69.13033127784729,33.27530324459076,56.342482566833496,65.53770303726196
cc3m,slerp,I+T,0.9,38.26857507228851,60.29912233352661,68.49727034568787,32.82424509525299,55.725252628326416,65.18160700798035
cc3m,slerp,I+T,1.0,37.40603029727936,59.41283106803894,67.43689179420471,32.25449025630951,55.10801672935486,64.52480554580688
flickr30k,slerp,I+T,0.0,40.617141127586365,64.75140452384949,73.72154593467712,21.73341065645218,41.56445562839508,51.10466480255127
flickr30k,slerp,I+T,0.1,42.89998114109039,67.22126007080078,75.93022584915161,22.384729981422424,42.556264996528625,52.09196209907532
flickr30k,slerp,I+T,0.2,44.82491910457611,69.15264129638672,77.6455819606781,22.892887890338898,43.24756562709808,52.79744863510132
flickr30k,slerp,I+T,0.3,46.30489647388458,70.57458162307739,78.99336218833923,23.235313594341278,43.74089241027832,53.259819746017456
flickr30k,slerp,I+T,0.4,47.36893177032471,71.53221368789673,79.84781265258789,23.435868322849274,43.987879157066345,53.52873206138611
flickr30k,slerp,I+T,0.5,47.77197539806366,72.00619578361511,80.25408387184143,23.436513543128967,44.075581431388855,53.611916303634644
flickr30k,slerp,I+T,0.6,47.630104422569275,71.68053388595581,80.15090227127075,23.343652486801147,43.95047426223755,53.479719161987305
flickr30k,slerp,I+T,0.7,47.09486365318298,70.76804637908936,79.64468002319336,23.140518367290497,43.710583448410034,53.239184617996216
flickr30k,slerp,I+T,0.8,45.92119753360748,69.65564489364624,78.55162620544434,22.825177013874054,43.27658712863922,52.8322696685791
flickr30k,slerp,I+T,0.9,44.476690888404846,68.11440587043762,77.16193199157715,22.393113374710083,42.6349401473999,52.22996473312378
flickr30k,slerp,I+T,1.0,42.44212508201599,66.21848344802856,75.21764636039734,21.798543632030487,41.85851812362671,51.52060389518738
coco,slerp,I+T,0.0,28.76577377319336,50.32954216003418,59.852415323257446,14.469951391220093,30.223369598388672,38.91603350639343
coco,slerp,I+T,0.1,30.179700255393982,52.081459760665894,61.45504713058472,14.826281368732452,30.848214030265808,39.58422541618347
coco,slerp,I+T,0.2,31.475326418876648,53.5545289516449,62.756311893463135,15.061020851135254,31.31093680858612,40.06214737892151
coco,slerp,I+T,0.3,32.36818611621857,54.29810881614685,63.612550497055054,15.24340808391571,31.575509905815125,40.43480157852173
coco,slerp,I+T,0.4,32.954034209251404,54.97690439224243,64.26881551742554,15.303641557693481,31.704983115196228,40.57103097438812
coco,slerp,I+T,0.5,33.176544308662415,55.24166226387024,64.42372798919678,15.35036414861679,31.738758087158203,40.60705602169037
coco,slerp,I+T,0.6,33.311739563941956,55.255746841430664,64.42654728889465,15.246222913265228,31.663328409194946,40.477585792541504
coco,slerp,I+T,0.7,33.04416537284851,54.79100942611694,63.98434042930603,15.113373100757599,31.453919410705566,40.254104137420654
coco,slerp,I+T,0.8,32.31748640537262,53.95166873931885,63.21823000907898,14.84542191028595,31.117290258407593,39.85273838043213
coco,slerp,I+T,0.9,31.261268258094788,52.52084136009216,62.03526258468628,14.53806459903717,30.683276057243347,39.35905694961548
coco,slerp,I+T,1.0,29.954370856285095,50.994253158569336,60.339683294296265,14.160344004631042,30.169889330863953,38.74715864658356
nocaps,slerp,I+T,0.0,71.31111025810242,91.93333387374878,96.20000123977661,45.23777961730957,74.97110962867737,84.5133364200592
nocaps,slerp,I+T,0.1,73.06666970252991,92.5333321094513,96.66666984558105,46.01333439350128,75.72888731956482,85.05555391311646
nocaps,slerp,I+T,0.2,73.93333315849304,93.24444532394409,97.02222347259521,46.4777797460556,76.25333666801453,85.49777865409851
nocaps,slerp,I+T,0.3,74.42222237586975,93.7333345413208,97.2444474697113,46.82444632053375,76.59777998924255,85.7711136341095
nocaps,slerp,I+T,0.4,74.68888759613037,93.7333345413208,97.35555648803711,46.97555601596832,76.89777612686157,85.85777878761292
nocaps,slerp,I+T,0.5,74.80000257492065,93.68888735771179,97.28888869285583,46.92888855934143,76.99111104011536,85.94889044761658
nocaps,slerp,I+T,0.6,74.59999918937683,93.51111054420471,97.17777967453003,46.75111174583435,76.84000134468079,85.89110970497131
nocaps,slerp,I+T,0.7,73.57777953147888,93.19999814033508,96.95555567741394,46.397778391838074,76.5333354473114,85.79999804496765
nocaps,slerp,I+T,0.8,72.55555391311646,92.66666769981384,96.84444665908813,45.926666259765625,76.09555721282959,85.56666970252991
nocaps,slerp,I+T,0.9,70.86666822433472,91.97778105735779,96.64444327354431,45.20444571971893,75.65110921859741,85.11999845504761
nocaps,slerp,I+T,1.0,69.15555596351624,90.88888764381409,96.17778062820435,44.413334131240845,74.94444251060486,84.63333249092102
